<expression-model>
	<expression-tree>
		<expression-node parent-path="ManualRepairInboxBarDefaultviewView.activeSearchQuery.refineFields" path="ManualRepairInboxBarDefaultviewView.activeSearchQuery.refineFields.settlementInstructionID" type="java.lang.String">
			<name>settlementInstructionID</name>
			<display-name>Settlement Instruction ID</display-name>
		</expression-node>
		<expression-node parent-path="ManualRepairInboxBarDefaultviewView.activeSearchQuery.refineFields" path='ManualRepairInboxBarDefaultviewView.activeSearchQuery.refineFields["settlementInstructionID.field"]' type="java.lang.String">
			<name>settlementInstructionID.field</name>
			<display-name>Settlement Instruction ID.field</display-name>
		</expression-node>
		<expression-node parent-path="ManualRepairInboxBarDefaultviewView.activeSearchQuery.refineFields" path='ManualRepairInboxBarDefaultviewView.activeSearchQuery.refineFields["settlementInstructionID.operator"]' type="java.lang.String">
			<name>settlementInstructionID.operator</name>
			<display-name>Settlement Instruction ID.operator</display-name>
		</expression-node>
		<expression-node parent-path="ManualRepairInboxResultsDefaultviewView.activeSearchQuery.refineFields" path="ManualRepairInboxResultsDefaultviewView.activeSearchQuery.refineFields.settlementInstructionID" type="java.lang.String">
			<name>settlementInstructionID</name>
			<display-name>Settlement Instruction ID</display-name>
		</expression-node>
		<expression-node parent-path="ManualRepairInboxResultsDefaultviewView.activeSearchQuery.refineFields" path='ManualRepairInboxResultsDefaultviewView.activeSearchQuery.refineFields["settlementInstructionID.field"]' type="java.lang.String">
			<name>settlementInstructionID.field</name>
			<display-name>Settlement Instruction ID.field</display-name>
		</expression-node>
		<expression-node parent-path="ManualRepairInboxResultsDefaultviewView.activeSearchQuery.refineFields" path='ManualRepairInboxResultsDefaultviewView.activeSearchQuery.refineFields["settlementInstructionID.operator"]' type="java.lang.String">
			<name>settlementInstructionID.operator</name>
			<display-name>Settlement Instruction ID.operator</display-name>
		</expression-node>
		<expression-node parent-path="ManualRepairInboxBarDefaultviewView.activeSearchQuery.refineFields" path="ManualRepairInboxBarDefaultviewView.activeSearchQuery.refineFields.clientID" type="java.lang.String">
			<name>clientID</name>
			<display-name>Client ID</display-name>
		</expression-node>
		<expression-node parent-path="ManualRepairInboxBarDefaultviewView.activeSearchQuery.refineFields" path='ManualRepairInboxBarDefaultviewView.activeSearchQuery.refineFields["clientID.field"]' type="java.lang.String">
			<name>clientID.field</name>
			<display-name>Client ID.field</display-name>
		</expression-node>
		<expression-node parent-path="ManualRepairInboxBarDefaultviewView.activeSearchQuery.refineFields" path='ManualRepairInboxBarDefaultviewView.activeSearchQuery.refineFields["clientID.operator"]' type="java.lang.String">
			<name>clientID.operator</name>
			<display-name>Client ID.operator</display-name>
		</expression-node>
		<expression-node parent-path="ManualRepairInboxResultsDefaultviewView.activeSearchQuery.refineFields" path="ManualRepairInboxResultsDefaultviewView.activeSearchQuery.refineFields.clientID" type="java.lang.String">
			<name>clientID</name>
			<display-name>Client ID</display-name>
		</expression-node>
		<expression-node parent-path="ManualRepairInboxResultsDefaultviewView.activeSearchQuery.refineFields" path='ManualRepairInboxResultsDefaultviewView.activeSearchQuery.refineFields["clientID.field"]' type="java.lang.String">
			<name>clientID.field</name>
			<display-name>Client ID.field</display-name>
		</expression-node>
		<expression-node parent-path="ManualRepairInboxResultsDefaultviewView.activeSearchQuery.refineFields" path='ManualRepairInboxResultsDefaultviewView.activeSearchQuery.refineFields["clientID.operator"]' type="java.lang.String">
			<name>clientID.operator</name>
			<display-name>Client ID.operator</display-name>
		</expression-node>
		<expression-node parent-path="ManualRepairInboxBarDefaultviewView.activeSearchQuery.refineFields" path="ManualRepairInboxBarDefaultviewView.activeSearchQuery.refineFields.nsLogicalTerminalAddress" type="java.lang.String">
			<name>nsLogicalTerminalAddress</name>
			<display-name>Ns Logical Terminal Address</display-name>
		</expression-node>
		<expression-node parent-path="ManualRepairInboxBarDefaultviewView.activeSearchQuery.refineFields" path='ManualRepairInboxBarDefaultviewView.activeSearchQuery.refineFields["nsLogicalTerminalAddress.field"]' type="java.lang.String">
			<name>nsLogicalTerminalAddress.field</name>
			<display-name>Ns Logical Terminal Address.field</display-name>
		</expression-node>
		<expression-node parent-path="ManualRepairInboxBarDefaultviewView.activeSearchQuery.refineFields" path='ManualRepairInboxBarDefaultviewView.activeSearchQuery.refineFields["nsLogicalTerminalAddress.operator"]' type="java.lang.String">
			<name>nsLogicalTerminalAddress.operator</name>
			<display-name>Ns Logical Terminal Address.operator</display-name>
		</expression-node>
		<expression-node parent-path="ManualRepairInboxResultsDefaultviewView.activeSearchQuery.refineFields" path="ManualRepairInboxResultsDefaultviewView.activeSearchQuery.refineFields.nsLogicalTerminalAddress" type="java.lang.String">
			<name>nsLogicalTerminalAddress</name>
			<display-name>Ns Logical Terminal Address</display-name>
		</expression-node>
		<expression-node parent-path="ManualRepairInboxResultsDefaultviewView.activeSearchQuery.refineFields" path='ManualRepairInboxResultsDefaultviewView.activeSearchQuery.refineFields["nsLogicalTerminalAddress.field"]' type="java.lang.String">
			<name>nsLogicalTerminalAddress.field</name>
			<display-name>Ns Logical Terminal Address.field</display-name>
		</expression-node>
		<expression-node parent-path="ManualRepairInboxResultsDefaultviewView.activeSearchQuery.refineFields" path='ManualRepairInboxResultsDefaultviewView.activeSearchQuery.refineFields["nsLogicalTerminalAddress.operator"]' type="java.lang.String">
			<name>nsLogicalTerminalAddress.operator</name>
			<display-name>Ns Logical Terminal Address.operator</display-name>
		</expression-node>
		<expression-node parent-path="ManualRepairInboxBarDefaultviewView.activeSearchQuery.refineFields" path="ManualRepairInboxBarDefaultviewView.activeSearchQuery.refineFields.nsReference" type="java.lang.String">
			<name>nsReference</name>
			<display-name>Ns Reference</display-name>
		</expression-node>
		<expression-node parent-path="ManualRepairInboxBarDefaultviewView.activeSearchQuery.refineFields" path='ManualRepairInboxBarDefaultviewView.activeSearchQuery.refineFields["nsReference.field"]' type="java.lang.String">
			<name>nsReference.field</name>
			<display-name>Ns Reference.field</display-name>
		</expression-node>
		<expression-node parent-path="ManualRepairInboxBarDefaultviewView.activeSearchQuery.refineFields" path='ManualRepairInboxBarDefaultviewView.activeSearchQuery.refineFields["nsReference.operator"]' type="java.lang.String">
			<name>nsReference.operator</name>
			<display-name>Ns Reference.operator</display-name>
		</expression-node>
		<expression-node parent-path="ManualRepairInboxResultsDefaultviewView.activeSearchQuery.refineFields" path="ManualRepairInboxResultsDefaultviewView.activeSearchQuery.refineFields.nsReference" type="java.lang.String">
			<name>nsReference</name>
			<display-name>Ns Reference</display-name>
		</expression-node>
		<expression-node parent-path="ManualRepairInboxResultsDefaultviewView.activeSearchQuery.refineFields" path='ManualRepairInboxResultsDefaultviewView.activeSearchQuery.refineFields["nsReference.field"]' type="java.lang.String">
			<name>nsReference.field</name>
			<display-name>Ns Reference.field</display-name>
		</expression-node>
		<expression-node parent-path="ManualRepairInboxResultsDefaultviewView.activeSearchQuery.refineFields" path='ManualRepairInboxResultsDefaultviewView.activeSearchQuery.refineFields["nsReference.operator"]' type="java.lang.String">
			<name>nsReference.operator</name>
			<display-name>Ns Reference.operator</display-name>
		</expression-node>
		<expression-node parent-path="ManualRepairInboxBarDefaultviewView.activeSearchQuery.refineFields" path="ManualRepairInboxBarDefaultviewView.activeSearchQuery.refineFields.priority" type="java.lang.String">
			<name>priority</name>
			<display-name>Priority</display-name>
		</expression-node>
		<expression-node parent-path="ManualRepairInboxBarDefaultviewView.activeSearchQuery.refineFields" path='ManualRepairInboxBarDefaultviewView.activeSearchQuery.refineFields["priority.field"]' type="java.lang.String">
			<name>priority.field</name>
			<display-name>Priority.field</display-name>
		</expression-node>
		<expression-node parent-path="ManualRepairInboxBarDefaultviewView.activeSearchQuery.refineFields" path='ManualRepairInboxBarDefaultviewView.activeSearchQuery.refineFields["priority.operator"]' type="java.lang.String">
			<name>priority.operator</name>
			<display-name>Priority.operator</display-name>
		</expression-node>
		<expression-node parent-path="ManualRepairInboxResultsDefaultviewView.activeSearchQuery.refineFields" path="ManualRepairInboxResultsDefaultviewView.activeSearchQuery.refineFields.priority" type="java.lang.String">
			<name>priority</name>
			<display-name>Priority</display-name>
		</expression-node>
		<expression-node parent-path="ManualRepairInboxResultsDefaultviewView.activeSearchQuery.refineFields" path='ManualRepairInboxResultsDefaultviewView.activeSearchQuery.refineFields["priority.field"]' type="java.lang.String">
			<name>priority.field</name>
			<display-name>Priority.field</display-name>
		</expression-node>
		<expression-node parent-path="ManualRepairInboxResultsDefaultviewView.activeSearchQuery.refineFields" path='ManualRepairInboxResultsDefaultviewView.activeSearchQuery.refineFields["priority.operator"]' type="java.lang.String">
			<name>priority.operator</name>
			<display-name>Priority.operator</display-name>
		</expression-node>




		<expression-node parent-path="ManualRepairInboxBarDefaultviewView.activeSearchQuery.refineFields" path="ManualRepairInboxBarDefaultviewView.activeSearchQuery.refineFields.acceptedOnly" type="java.lang.Object">
			<name>acceptedOnly</name>
			<display-name>Accepted Only</display-name>
		</expression-node>
		<expression-node parent-path="ManualRepairInboxResultsDefaultviewView.activeSearchQuery.refineFields" path="ManualRepairInboxResultsDefaultviewView.activeSearchQuery.refineFields.acceptedOnly" type="java.lang.Object">
			<name>acceptedOnly</name>
			<display-name>Accepted Only</display-name>
		</expression-node>
		<expression-node parent-path="ManualRepairInboxBarDefaultviewView.activeSearchQuery.refineFields" path="ManualRepairInboxBarDefaultviewView.activeSearchQuery.refineFields.assignedToRole" type="java.lang.Object">
			<name>assignedToRole</name>
			<display-name>Assigned To Role</display-name>
		</expression-node>
		<expression-node parent-path="ManualRepairInboxResultsDefaultviewView.activeSearchQuery.refineFields" path="ManualRepairInboxResultsDefaultviewView.activeSearchQuery.refineFields.assignedToRole" type="java.lang.Object">
			<name>assignedToRole</name>
			<display-name>Assigned To Role</display-name>
		</expression-node>
		<expression-node parent-path="ManualRepairInboxBarDefaultviewView.activeSearchQuery.refineFields" path="ManualRepairInboxBarDefaultviewView.activeSearchQuery.refineFields.messageType" type="java.lang.String">
			<name>messageType</name>
			<display-name>Message Type</display-name>
		</expression-node>
		<expression-node parent-path="ManualRepairInboxBarDefaultviewView.activeSearchQuery.refineFields" path='ManualRepairInboxBarDefaultviewView.activeSearchQuery.refineFields["messageType.field"]' type="java.lang.String">
			<name>messageType.field</name>
			<display-name>Message Type.field</display-name>
		</expression-node>
		<expression-node parent-path="ManualRepairInboxBarDefaultviewView.activeSearchQuery.refineFields" path='ManualRepairInboxBarDefaultviewView.activeSearchQuery.refineFields["messageType.operator"]' type="java.lang.String">
			<name>messageType.operator</name>
			<display-name>Message Type.operator</display-name>
		</expression-node>
		<expression-node parent-path="ManualRepairInboxResultsDefaultviewView.activeSearchQuery.refineFields" path="ManualRepairInboxResultsDefaultviewView.activeSearchQuery.refineFields.messageType" type="java.lang.String">
			<name>messageType</name>
			<display-name>Message Type</display-name>
		</expression-node>
		<expression-node parent-path="ManualRepairInboxResultsDefaultviewView.activeSearchQuery.refineFields" path='ManualRepairInboxResultsDefaultviewView.activeSearchQuery.refineFields["messageType.field"]' type="java.lang.String">
			<name>messageType.field</name>
			<display-name>Message Type.field</display-name>
		</expression-node>
		<expression-node parent-path="ManualRepairInboxResultsDefaultviewView.activeSearchQuery.refineFields" path='ManualRepairInboxResultsDefaultviewView.activeSearchQuery.refineFields["messageType.operator"]' type="java.lang.String">
			<name>messageType.operator</name>
			<display-name>Message Type.operator</display-name>
		</expression-node>
		<expression-node parent-path="ManualRepairInboxBarDefaultviewView.activeSearchQuery.refineFields" path="ManualRepairInboxBarDefaultviewView.activeSearchQuery.refineFields.posnumber" type="java.lang.String">
			<name>posnumber</name>
			<display-name>Posnumber</display-name>
		</expression-node>
		<expression-node parent-path="ManualRepairInboxBarDefaultviewView.activeSearchQuery.refineFields" path='ManualRepairInboxBarDefaultviewView.activeSearchQuery.refineFields["posnumber.field"]' type="java.lang.String">
			<name>posnumber.field</name>
			<display-name>Posnumber.field</display-name>
		</expression-node>
		<expression-node parent-path="ManualRepairInboxBarDefaultviewView.activeSearchQuery.refineFields" path='ManualRepairInboxBarDefaultviewView.activeSearchQuery.refineFields["posnumber.operator"]' type="java.lang.String">
			<name>posnumber.operator</name>
			<display-name>Posnumber.operator</display-name>
		</expression-node>
		<expression-node parent-path="ManualRepairInboxResultsDefaultviewView.activeSearchQuery.refineFields" path="ManualRepairInboxResultsDefaultviewView.activeSearchQuery.refineFields.posnumber" type="java.lang.String">
			<name>posnumber</name>
			<display-name>Posnumber</display-name>
		</expression-node>
		<expression-node parent-path="ManualRepairInboxResultsDefaultviewView.activeSearchQuery.refineFields" path='ManualRepairInboxResultsDefaultviewView.activeSearchQuery.refineFields["posnumber.field"]' type="java.lang.String">
			<name>posnumber.field</name>
			<display-name>Posnumber.field</display-name>
		</expression-node>
		<expression-node parent-path="ManualRepairInboxResultsDefaultviewView.activeSearchQuery.refineFields" path='ManualRepairInboxResultsDefaultviewView.activeSearchQuery.refineFields["posnumber.operator"]' type="java.lang.String">
			<name>posnumber.operator</name>
			<display-name>Posnumber.operator</display-name>
		</expression-node>
		<expression-node parent-path="ManualRepairInboxBarDefaultviewView.activeSearchQuery.refineFields" path="ManualRepairInboxBarDefaultviewView.activeSearchQuery.refineFields.messageSource" type="java.lang.String">
			<name>messageSource</name>
			<display-name>Message Source</display-name>
		</expression-node>
		<expression-node parent-path="ManualRepairInboxBarDefaultviewView.activeSearchQuery.refineFields" path='ManualRepairInboxBarDefaultviewView.activeSearchQuery.refineFields["messageSource.field"]' type="java.lang.String">
			<name>messageSource.field</name>
			<display-name>Message Source.field</display-name>
		</expression-node>
		<expression-node parent-path="ManualRepairInboxBarDefaultviewView.activeSearchQuery.refineFields" path='ManualRepairInboxBarDefaultviewView.activeSearchQuery.refineFields["messageSource.operator"]' type="java.lang.String">
			<name>messageSource.operator</name>
			<display-name>Message Source.operator</display-name>
		</expression-node>
		<expression-node parent-path="ManualRepairInboxResultsDefaultviewView.activeSearchQuery.refineFields" path="ManualRepairInboxResultsDefaultviewView.activeSearchQuery.refineFields.messageSource" type="java.lang.String">
			<name>messageSource</name>
			<display-name>Message Source</display-name>
		</expression-node>
		<expression-node parent-path="ManualRepairInboxResultsDefaultviewView.activeSearchQuery.refineFields" path='ManualRepairInboxResultsDefaultviewView.activeSearchQuery.refineFields["messageSource.field"]' type="java.lang.String">
			<name>messageSource.field</name>
			<display-name>Message Source.field</display-name>
		</expression-node>
		<expression-node parent-path="ManualRepairInboxResultsDefaultviewView.activeSearchQuery.refineFields" path='ManualRepairInboxResultsDefaultviewView.activeSearchQuery.refineFields["messageSource.operator"]' type="java.lang.String">
			<name>messageSource.operator</name>
			<display-name>Message Source.operator</display-name>
		</expression-node>
		<expression-node parent-path="ManualRepairInboxBarDefaultviewView.activeSearchQuery.refineFields" path="ManualRepairInboxBarDefaultviewView.activeSearchQuery.refineFields.createdDateTime" type="java.lang.String">
			<name>createdDateTime</name>
			<display-name>Created Date Time</display-name>
		</expression-node>
		<expression-node parent-path="ManualRepairInboxBarDefaultviewView.activeSearchQuery.refineFields" path='ManualRepairInboxBarDefaultviewView.activeSearchQuery.refineFields["createdDateTime.field"]' type="java.lang.String">
			<name>createdDateTime.field</name>
			<display-name>Created Date Time.field</display-name>
		</expression-node>
		<expression-node parent-path="ManualRepairInboxBarDefaultviewView.activeSearchQuery.refineFields" path='ManualRepairInboxBarDefaultviewView.activeSearchQuery.refineFields["createdDateTime.operator"]' type="java.lang.String">
			<name>createdDateTime.operator</name>
			<display-name>Created Date Time.operator</display-name>
		</expression-node>
		<expression-node parent-path="ManualRepairInboxResultsDefaultviewView.activeSearchQuery.refineFields" path="ManualRepairInboxResultsDefaultviewView.activeSearchQuery.refineFields.createdDateTime" type="java.lang.String">
			<name>createdDateTime</name>
			<display-name>Created Date Time</display-name>
		</expression-node>
		<expression-node parent-path="ManualRepairInboxResultsDefaultviewView.activeSearchQuery.refineFields" path='ManualRepairInboxResultsDefaultviewView.activeSearchQuery.refineFields["createdDateTime.field"]' type="java.lang.String">
			<name>createdDateTime.field</name>
			<display-name>Created Date Time.field</display-name>
		</expression-node>
		<expression-node parent-path="ManualRepairInboxResultsDefaultviewView.activeSearchQuery.refineFields" path='ManualRepairInboxResultsDefaultviewView.activeSearchQuery.refineFields["createdDateTime.operator"]' type="java.lang.String">
			<name>createdDateTime.operator</name>
			<display-name>Created Date Time.operator</display-name>
		</expression-node>
		<expression-node parent-path="ManualRepairInboxBarDefaultviewView.activeSearchQuery.refineFields" path="ManualRepairInboxBarDefaultviewView.activeSearchQuery.refineFields.receiveDateTime" type="java.lang.String">
			<name>receiveDateTime</name>
			<display-name>Receive Date Time</display-name>
		</expression-node>
		<expression-node parent-path="ManualRepairInboxBarDefaultviewView.activeSearchQuery.refineFields" path='ManualRepairInboxBarDefaultviewView.activeSearchQuery.refineFields["receiveDateTime.field"]' type="java.lang.String">
			<name>receiveDateTime.field</name>
			<display-name>Receive Date Time.field</display-name>
		</expression-node>
		<expression-node parent-path="ManualRepairInboxBarDefaultviewView.activeSearchQuery.refineFields" path='ManualRepairInboxBarDefaultviewView.activeSearchQuery.refineFields["receiveDateTime.operator"]' type="java.lang.String">
			<name>receiveDateTime.operator</name>
			<display-name>Receive Date Time.operator</display-name>
		</expression-node>
		<expression-node parent-path="ManualRepairInboxResultsDefaultviewView.activeSearchQuery.refineFields" path="ManualRepairInboxResultsDefaultviewView.activeSearchQuery.refineFields.receiveDateTime" type="java.lang.String">
			<name>receiveDateTime</name>
			<display-name>Receive Date Time</display-name>
		</expression-node>
		<expression-node parent-path="ManualRepairInboxResultsDefaultviewView.activeSearchQuery.refineFields" path='ManualRepairInboxResultsDefaultviewView.activeSearchQuery.refineFields["receiveDateTime.field"]' type="java.lang.String">
			<name>receiveDateTime.field</name>
			<display-name>Receive Date Time.field</display-name>
		</expression-node>
		<expression-node parent-path="ManualRepairInboxResultsDefaultviewView.activeSearchQuery.refineFields" path='ManualRepairInboxResultsDefaultviewView.activeSearchQuery.refineFields["receiveDateTime.operator"]' type="java.lang.String">
			<name>receiveDateTime.operator</name>
			<display-name>Receive Date Time.operator</display-name>
		</expression-node>
		<expression-node parent-path="ManualRepairInboxBarDefaultviewView.activeSearchQuery.refineFields" path="ManualRepairInboxBarDefaultviewView.activeSearchQuery.refineFields.settlementDate" type="java.lang.String">
			<name>settlementDate</name>
			<display-name>Settlement Date</display-name>
		</expression-node>
		<expression-node parent-path="ManualRepairInboxBarDefaultviewView.activeSearchQuery.refineFields" path='ManualRepairInboxBarDefaultviewView.activeSearchQuery.refineFields["settlementDate.field"]' type="java.lang.String">
			<name>settlementDate.field</name>
			<display-name>Settlement Date.field</display-name>
		</expression-node>
		<expression-node parent-path="ManualRepairInboxBarDefaultviewView.activeSearchQuery.refineFields" path='ManualRepairInboxBarDefaultviewView.activeSearchQuery.refineFields["settlementDate.operator"]' type="java.lang.String">
			<name>settlementDate.operator</name>
			<display-name>Settlement Date.operator</display-name>
		</expression-node>
		<expression-node parent-path="ManualRepairInboxResultsDefaultviewView.activeSearchQuery.refineFields" path="ManualRepairInboxResultsDefaultviewView.activeSearchQuery.refineFields.settlementDate" type="java.lang.String">
			<name>settlementDate</name>
			<display-name>Settlement Date</display-name>
		</expression-node>
		<expression-node parent-path="ManualRepairInboxResultsDefaultviewView.activeSearchQuery.refineFields" path='ManualRepairInboxResultsDefaultviewView.activeSearchQuery.refineFields["settlementDate.field"]' type="java.lang.String">
			<name>settlementDate.field</name>
			<display-name>Settlement Date.field</display-name>
		</expression-node>
		<expression-node parent-path="ManualRepairInboxResultsDefaultviewView.activeSearchQuery.refineFields" path='ManualRepairInboxResultsDefaultviewView.activeSearchQuery.refineFields["settlementDate.operator"]' type="java.lang.String">
			<name>settlementDate.operator</name>
			<display-name>Settlement Date.operator</display-name>
		</expression-node>
		<expression-node parent-path="ManualRepairInboxBarDefaultviewView.activeSearchQuery.refineFields" path="ManualRepairInboxBarDefaultviewView.activeSearchQuery.refineFields.messageFunction" type="java.lang.String">
			<name>messageFunction</name>
			<display-name>Message Function</display-name>
		</expression-node>
		<expression-node parent-path="ManualRepairInboxBarDefaultviewView.activeSearchQuery.refineFields" path='ManualRepairInboxBarDefaultviewView.activeSearchQuery.refineFields["messageFunction.field"]' type="java.lang.String">
			<name>messageFunction.field</name>
			<display-name>Message Function.field</display-name>
		</expression-node>
		<expression-node parent-path="ManualRepairInboxBarDefaultviewView.activeSearchQuery.refineFields" path='ManualRepairInboxBarDefaultviewView.activeSearchQuery.refineFields["messageFunction.operator"]' type="java.lang.String">
			<name>messageFunction.operator</name>
			<display-name>Message Function.operator</display-name>
		</expression-node>
		<expression-node parent-path="ManualRepairInboxResultsDefaultviewView.activeSearchQuery.refineFields" path="ManualRepairInboxResultsDefaultviewView.activeSearchQuery.refineFields.messageFunction" type="java.lang.String">
			<name>messageFunction</name>
			<display-name>Message Function</display-name>
		</expression-node>
		<expression-node parent-path="ManualRepairInboxResultsDefaultviewView.activeSearchQuery.refineFields" path='ManualRepairInboxResultsDefaultviewView.activeSearchQuery.refineFields["messageFunction.field"]' type="java.lang.String">
			<name>messageFunction.field</name>
			<display-name>Message Function.field</display-name>
		</expression-node>
		<expression-node parent-path="ManualRepairInboxResultsDefaultviewView.activeSearchQuery.refineFields" path='ManualRepairInboxResultsDefaultviewView.activeSearchQuery.refineFields["messageFunction.operator"]' type="java.lang.String">
			<name>messageFunction.operator</name>
			<display-name>Message Function.operator</display-name>
		</expression-node>
		<expression-node parent-path="ManualRepairInboxBarDefaultviewView.activeSearchQuery.refineFields" path="ManualRepairInboxBarDefaultviewView.activeSearchQuery.refineFields.securityAccount" type="java.lang.String">
			<name>securityAccount</name>
			<display-name>Security Account</display-name>
		</expression-node>
		<expression-node parent-path="ManualRepairInboxBarDefaultviewView.activeSearchQuery.refineFields" path='ManualRepairInboxBarDefaultviewView.activeSearchQuery.refineFields["securityAccount.field"]' type="java.lang.String">
			<name>securityAccount.field</name>
			<display-name>Security Account.field</display-name>
		</expression-node>
		<expression-node parent-path="ManualRepairInboxBarDefaultviewView.activeSearchQuery.refineFields" path='ManualRepairInboxBarDefaultviewView.activeSearchQuery.refineFields["securityAccount.operator"]' type="java.lang.String">
			<name>securityAccount.operator</name>
			<display-name>Security Account.operator</display-name>
		</expression-node>
		<expression-node parent-path="ManualRepairInboxResultsDefaultviewView.activeSearchQuery.refineFields" path="ManualRepairInboxResultsDefaultviewView.activeSearchQuery.refineFields.securityAccount" type="java.lang.String">
			<name>securityAccount</name>
			<display-name>Security Account</display-name>
		</expression-node>
		<expression-node parent-path="ManualRepairInboxResultsDefaultviewView.activeSearchQuery.refineFields" path='ManualRepairInboxResultsDefaultviewView.activeSearchQuery.refineFields["securityAccount.field"]' type="java.lang.String">
			<name>securityAccount.field</name>
			<display-name>Security Account.field</display-name>
		</expression-node>
		<expression-node parent-path="ManualRepairInboxResultsDefaultviewView.activeSearchQuery.refineFields" path='ManualRepairInboxResultsDefaultviewView.activeSearchQuery.refineFields["securityAccount.operator"]' type="java.lang.String">
			<name>securityAccount.operator</name>
			<display-name>Security Account.operator</display-name>
		</expression-node>
		<expression-node parent-path="ManualRepairInboxBarDefaultviewView.activeSearchQuery.refineFields" path="ManualRepairInboxBarDefaultviewView.activeSearchQuery.refineFields.counterParty" type="java.lang.String">
			<name>counterParty</name>
			<display-name>Counter Party</display-name>
		</expression-node>
		<expression-node parent-path="ManualRepairInboxBarDefaultviewView.activeSearchQuery.refineFields" path='ManualRepairInboxBarDefaultviewView.activeSearchQuery.refineFields["counterParty.field"]' type="java.lang.String">
			<name>counterParty.field</name>
			<display-name>Counter Party.field</display-name>
		</expression-node>
		<expression-node parent-path="ManualRepairInboxBarDefaultviewView.activeSearchQuery.refineFields" path='ManualRepairInboxBarDefaultviewView.activeSearchQuery.refineFields["counterParty.operator"]' type="java.lang.String">
			<name>counterParty.operator</name>
			<display-name>Counter Party.operator</display-name>
		</expression-node>
		<expression-node parent-path="ManualRepairInboxResultsDefaultviewView.activeSearchQuery.refineFields" path="ManualRepairInboxResultsDefaultviewView.activeSearchQuery.refineFields.counterParty" type="java.lang.String">
			<name>counterParty</name>
			<display-name>Counter Party</display-name>
		</expression-node>
		<expression-node parent-path="ManualRepairInboxResultsDefaultviewView.activeSearchQuery.refineFields" path='ManualRepairInboxResultsDefaultviewView.activeSearchQuery.refineFields["counterParty.field"]' type="java.lang.String">
			<name>counterParty.field</name>
			<display-name>Counter Party.field</display-name>
		</expression-node>
		<expression-node parent-path="ManualRepairInboxResultsDefaultviewView.activeSearchQuery.refineFields" path='ManualRepairInboxResultsDefaultviewView.activeSearchQuery.refineFields["counterParty.operator"]' type="java.lang.String">
			<name>counterParty.operator</name>
			<display-name>Counter Party.operator</display-name>
		</expression-node>
		<expression-node parent-path="ManualRepairInboxBarDefaultviewView.activeSearchQuery.refineFields" path="ManualRepairInboxBarDefaultviewView.activeSearchQuery.refineFields.swiftReceivedDateRange" type="java.util.Date">
			<name>swiftReceivedDateRange</name>
			<display-name>Swift Received Date Range</display-name>
		</expression-node>
		<expression-node parent-path="ManualRepairInboxBarDefaultviewView.activeSearchQuery.refineFields" path='ManualRepairInboxBarDefaultviewView.activeSearchQuery.refineFields["swiftReceivedDateRange.field"]' type="java.lang.String">
			<name>swiftReceivedDateRange.field</name>
			<display-name>Swift Received Date Range.field</display-name>
		</expression-node>
		<expression-node parent-path="ManualRepairInboxBarDefaultviewView.activeSearchQuery.refineFields" path='ManualRepairInboxBarDefaultviewView.activeSearchQuery.refineFields["swiftReceivedDateRange.operator"]' type="java.lang.String">
			<name>swiftReceivedDateRange.operator</name>
			<display-name>Swift Received Date Range.operator</display-name>
		</expression-node>
		<expression-node parent-path="ManualRepairInboxResultsDefaultviewView.activeSearchQuery.refineFields" path="ManualRepairInboxResultsDefaultviewView.activeSearchQuery.refineFields.swiftReceivedDateRange" type="java.util.Date">
			<name>swiftReceivedDateRange</name>
			<display-name>Swift Received Date Range</display-name>
		</expression-node>
		<expression-node parent-path="ManualRepairInboxResultsDefaultviewView.activeSearchQuery.refineFields" path='ManualRepairInboxResultsDefaultviewView.activeSearchQuery.refineFields["swiftReceivedDateRange.field"]' type="java.lang.String">
			<name>swiftReceivedDateRange.field</name>
			<display-name>Swift Received Date Range.field</display-name>
		</expression-node>
		<expression-node parent-path="ManualRepairInboxResultsDefaultviewView.activeSearchQuery.refineFields" path='ManualRepairInboxResultsDefaultviewView.activeSearchQuery.refineFields["swiftReceivedDateRange.operator"]' type="java.lang.String">
			<name>swiftReceivedDateRange.operator</name>
			<display-name>Swift Received Date Range.operator</display-name>
		</expression-node>
		<expression-node parent-path="ManualRepairInboxBarDefaultviewView.activeSearchQuery.refineFields" path="ManualRepairInboxBarDefaultviewView.activeSearchQuery.refineFields.tmReceivedDateRange" type="java.util.Date">
			<name>tmReceivedDateRange</name>
			<display-name>Tm Received Date Range</display-name>
		</expression-node>
		<expression-node parent-path="ManualRepairInboxBarDefaultviewView.activeSearchQuery.refineFields" path='ManualRepairInboxBarDefaultviewView.activeSearchQuery.refineFields["tmReceivedDateRange.field"]' type="java.lang.String">
			<name>tmReceivedDateRange.field</name>
			<display-name>Tm Received Date Range.field</display-name>
		</expression-node>
		<expression-node parent-path="ManualRepairInboxBarDefaultviewView.activeSearchQuery.refineFields" path='ManualRepairInboxBarDefaultviewView.activeSearchQuery.refineFields["tmReceivedDateRange.operator"]' type="java.lang.String">
			<name>tmReceivedDateRange.operator</name>
			<display-name>Tm Received Date Range.operator</display-name>
		</expression-node>
		<expression-node parent-path="ManualRepairInboxResultsDefaultviewView.activeSearchQuery.refineFields" path="ManualRepairInboxResultsDefaultviewView.activeSearchQuery.refineFields.tmReceivedDateRange" type="java.util.Date">
			<name>tmReceivedDateRange</name>
			<display-name>Tm Received Date Range</display-name>
		</expression-node>
		<expression-node parent-path="ManualRepairInboxResultsDefaultviewView.activeSearchQuery.refineFields" path='ManualRepairInboxResultsDefaultviewView.activeSearchQuery.refineFields["tmReceivedDateRange.field"]' type="java.lang.String">
			<name>tmReceivedDateRange.field</name>
			<display-name>Tm Received Date Range.field</display-name>
		</expression-node>
		<expression-node parent-path="ManualRepairInboxResultsDefaultviewView.activeSearchQuery.refineFields" path='ManualRepairInboxResultsDefaultviewView.activeSearchQuery.refineFields["tmReceivedDateRange.operator"]' type="java.lang.String">
			<name>tmReceivedDateRange.operator</name>
			<display-name>Tm Received Date Range.operator</display-name>
		</expression-node>
		<expression-node parent-path="ManualRepairInboxBarDefaultviewView.activeSearchQuery.refineFields" path="ManualRepairInboxBarDefaultviewView.activeSearchQuery.refineFields.startsettDate" type="java.util.Date">
			<name>startsettDate</name>
			<display-name>Startsett Date</display-name>
		</expression-node>
		<expression-node parent-path="ManualRepairInboxBarDefaultviewView.activeSearchQuery.refineFields" path='ManualRepairInboxBarDefaultviewView.activeSearchQuery.refineFields["startsettDate.field"]' type="java.lang.String">
			<name>startsettDate.field</name>
			<display-name>Startsett Date.field</display-name>
		</expression-node>
		<expression-node parent-path="ManualRepairInboxBarDefaultviewView.activeSearchQuery.refineFields" path='ManualRepairInboxBarDefaultviewView.activeSearchQuery.refineFields["startsettDate.operator"]' type="java.lang.String">
			<name>startsettDate.operator</name>
			<display-name>Startsett Date.operator</display-name>
		</expression-node>
		<expression-node parent-path="ManualRepairInboxResultsDefaultviewView.activeSearchQuery.refineFields" path="ManualRepairInboxResultsDefaultviewView.activeSearchQuery.refineFields.startsettDate" type="java.util.Date">
			<name>startsettDate</name>
			<display-name>Startsett Date</display-name>
		</expression-node>
		<expression-node parent-path="ManualRepairInboxResultsDefaultviewView.activeSearchQuery.refineFields" path='ManualRepairInboxResultsDefaultviewView.activeSearchQuery.refineFields["startsettDate.field"]' type="java.lang.String">
			<name>startsettDate.field</name>
			<display-name>Startsett Date.field</display-name>
		</expression-node>
		<expression-node parent-path="ManualRepairInboxResultsDefaultviewView.activeSearchQuery.refineFields" path='ManualRepairInboxResultsDefaultviewView.activeSearchQuery.refineFields["startsettDate.operator"]' type="java.lang.String">
			<name>startsettDate.operator</name>
			<display-name>Startsett Date.operator</display-name>
		</expression-node>
		<expression-node parent-path="ManualRepairInboxBarDefaultviewView.activeSearchQuery.refineFields" path="ManualRepairInboxBarDefaultviewView.activeSearchQuery.refineFields.endSettDate" type="java.util.Date">
			<name>endSettDate</name>
			<display-name>End Sett Date</display-name>
		</expression-node>
		<expression-node parent-path="ManualRepairInboxBarDefaultviewView.activeSearchQuery.refineFields" path='ManualRepairInboxBarDefaultviewView.activeSearchQuery.refineFields["endSettDate.field"]' type="java.lang.String">
			<name>endSettDate.field</name>
			<display-name>End Sett Date.field</display-name>
		</expression-node>
		<expression-node parent-path="ManualRepairInboxBarDefaultviewView.activeSearchQuery.refineFields" path='ManualRepairInboxBarDefaultviewView.activeSearchQuery.refineFields["endSettDate.operator"]' type="java.lang.String">
			<name>endSettDate.operator</name>
			<display-name>End Sett Date.operator</display-name>
		</expression-node>
		<expression-node parent-path="ManualRepairInboxResultsDefaultviewView.activeSearchQuery.refineFields" path="ManualRepairInboxResultsDefaultviewView.activeSearchQuery.refineFields.endSettDate" type="java.util.Date">
			<name>endSettDate</name>
			<display-name>End Sett Date</display-name>
		</expression-node>
		<expression-node parent-path="ManualRepairInboxResultsDefaultviewView.activeSearchQuery.refineFields" path='ManualRepairInboxResultsDefaultviewView.activeSearchQuery.refineFields["endSettDate.field"]' type="java.lang.String">
			<name>endSettDate.field</name>
			<display-name>End Sett Date.field</display-name>
		</expression-node>
		<expression-node parent-path="ManualRepairInboxResultsDefaultviewView.activeSearchQuery.refineFields" path='ManualRepairInboxResultsDefaultviewView.activeSearchQuery.refineFields["endSettDate.operator"]' type="java.lang.String">
			<name>endSettDate.operator</name>
			<display-name>End Sett Date.operator</display-name>
		</expression-node>
		<expression-node parent-path="ManualRepairInboxBarDefaultviewView.activeSearchQuery.refineFields" path="ManualRepairInboxBarDefaultviewView.activeSearchQuery.refineFields.attribute1" type="java.lang.String">
			<name>attribute1</name>
			<display-name>Attribute 1</display-name>
		</expression-node>
		<expression-node parent-path="ManualRepairInboxBarDefaultviewView.activeSearchQuery.refineFields" path='ManualRepairInboxBarDefaultviewView.activeSearchQuery.refineFields["attribute1.field"]' type="java.lang.String">
			<name>attribute1.field</name>
			<display-name>Attribute 1.field</display-name>
		</expression-node>
		<expression-node parent-path="ManualRepairInboxBarDefaultviewView.activeSearchQuery.refineFields" path='ManualRepairInboxBarDefaultviewView.activeSearchQuery.refineFields["attribute1.operator"]' type="java.lang.String">
			<name>attribute1.operator</name>
			<display-name>Attribute 1.operator</display-name>
		</expression-node>
		<expression-node parent-path="ManualRepairInboxResultsDefaultviewView.activeSearchQuery.refineFields" path="ManualRepairInboxResultsDefaultviewView.activeSearchQuery.refineFields.attribute1" type="java.lang.String">
			<name>attribute1</name>
			<display-name>Attribute 1</display-name>
		</expression-node>
		<expression-node parent-path="ManualRepairInboxResultsDefaultviewView.activeSearchQuery.refineFields" path='ManualRepairInboxResultsDefaultviewView.activeSearchQuery.refineFields["attribute1.field"]' type="java.lang.String">
			<name>attribute1.field</name>
			<display-name>Attribute 1.field</display-name>
		</expression-node>
		<expression-node parent-path="ManualRepairInboxResultsDefaultviewView.activeSearchQuery.refineFields" path='ManualRepairInboxResultsDefaultviewView.activeSearchQuery.refineFields["attribute1.operator"]' type="java.lang.String">
			<name>attribute1.operator</name>
			<display-name>Attribute 1.operator</display-name>
		</expression-node>
		<expression-node parent-path="ManualRepairInboxBarDefaultviewView.activeSearchQuery.refineFields" path="ManualRepairInboxBarDefaultviewView.activeSearchQuery.refineFields.attribute2" type="java.lang.String">
			<name>attribute2</name>
			<display-name>Attribute 2</display-name>
		</expression-node>
		<expression-node parent-path="ManualRepairInboxBarDefaultviewView.activeSearchQuery.refineFields" path='ManualRepairInboxBarDefaultviewView.activeSearchQuery.refineFields["attribute2.field"]' type="java.lang.String">
			<name>attribute2.field</name>
			<display-name>Attribute 2.field</display-name>
		</expression-node>
		<expression-node parent-path="ManualRepairInboxBarDefaultviewView.activeSearchQuery.refineFields" path='ManualRepairInboxBarDefaultviewView.activeSearchQuery.refineFields["attribute2.operator"]' type="java.lang.String">
			<name>attribute2.operator</name>
			<display-name>Attribute 2.operator</display-name>
		</expression-node>
		<expression-node parent-path="ManualRepairInboxResultsDefaultviewView.activeSearchQuery.refineFields" path="ManualRepairInboxResultsDefaultviewView.activeSearchQuery.refineFields.attribute2" type="java.lang.String">
			<name>attribute2</name>
			<display-name>Attribute 2</display-name>
		</expression-node>
		<expression-node parent-path="ManualRepairInboxResultsDefaultviewView.activeSearchQuery.refineFields" path='ManualRepairInboxResultsDefaultviewView.activeSearchQuery.refineFields["attribute2.field"]' type="java.lang.String">
			<name>attribute2.field</name>
			<display-name>Attribute 2.field</display-name>
		</expression-node>
		<expression-node parent-path="ManualRepairInboxResultsDefaultviewView.activeSearchQuery.refineFields" path='ManualRepairInboxResultsDefaultviewView.activeSearchQuery.refineFields["attribute2.operator"]' type="java.lang.String">
			<name>attribute2.operator</name>
			<display-name>Attribute 2.operator</display-name>
		</expression-node>
		<expression-node parent-path="ManualRepairInboxBarDefaultviewView.activeSearchQuery.refineFields" path="ManualRepairInboxBarDefaultviewView.activeSearchQuery.refineFields.attribute3" type="java.lang.String">
			<name>attribute3</name>
			<display-name>Attribute 3</display-name>
		</expression-node>
		<expression-node parent-path="ManualRepairInboxBarDefaultviewView.activeSearchQuery.refineFields" path='ManualRepairInboxBarDefaultviewView.activeSearchQuery.refineFields["attribute3.field"]' type="java.lang.String">
			<name>attribute3.field</name>
			<display-name>Attribute 3.field</display-name>
		</expression-node>
		<expression-node parent-path="ManualRepairInboxBarDefaultviewView.activeSearchQuery.refineFields" path='ManualRepairInboxBarDefaultviewView.activeSearchQuery.refineFields["attribute3.operator"]' type="java.lang.String">
			<name>attribute3.operator</name>
			<display-name>Attribute 3.operator</display-name>
		</expression-node>
		<expression-node parent-path="ManualRepairInboxResultsDefaultviewView.activeSearchQuery.refineFields" path="ManualRepairInboxResultsDefaultviewView.activeSearchQuery.refineFields.attribute3" type="java.lang.String">
			<name>attribute3</name>
			<display-name>Attribute 3</display-name>
		</expression-node>
		<expression-node parent-path="ManualRepairInboxResultsDefaultviewView.activeSearchQuery.refineFields" path='ManualRepairInboxResultsDefaultviewView.activeSearchQuery.refineFields["attribute3.field"]' type="java.lang.String">
			<name>attribute3.field</name>
			<display-name>Attribute 3.field</display-name>
		</expression-node>
		<expression-node parent-path="ManualRepairInboxResultsDefaultviewView.activeSearchQuery.refineFields" path='ManualRepairInboxResultsDefaultviewView.activeSearchQuery.refineFields["attribute3.operator"]' type="java.lang.String">
			<name>attribute3.operator</name>
			<display-name>Attribute 3.operator</display-name>
		</expression-node></expression-tree>
</expression-model>