<CONFIG>
	<CONTEXT alias="710AD61B-B281-C821-1AD9-466333E236AF.task.app">
		<folder name="Details" description="Manual Repair Details" alias="710AD61B-B281-C821-1AD9-466333E236AF.task.app.details.page" isTaskFolder="false">
            <page>
            	<row>
            		<column>
            			<tmmanualinstructioncapture___manualrepairoverview name="Task View" alias="710AD61B-B281-C821-1AD9-466333E236AF.task.app.details.portlet">
                            <layout name="titlebar" value="false"/>
                            <layout name="border" value="false"/>            			
            			</tmmanualinstructioncapture___manualrepairoverview> 
                    </column>
                </row>
                <hobos/>
            </page>
        </folder>
    </CONTEXT>
</CONFIG>
