<CONFIG>
	<CONTEXT alias="710AD61B-B281-C821-1AD9-466333E236AF.task.app">
		<folder name="Manual Repair Inbox" description="Manual Repair Inbox" alias="710AD61B-B281-C821-1AD9-466333E236AF.task.app.inbox" isTaskFolder="true">
			<Mode type="sync">
	            <page>
	            	<row>
	            		<column>
	            			
	            			<tmmanualinstructioncapture___manualrepairinboxbar 
	                            name="Search For"
	            				description="Search for Manual Repair"
	                            alias="710AD61B-B281-C821-1AD9-466333E236AF.task.app.inbox.bar">
	                        </tmmanualinstructioncapture___manualrepairinboxbar>
	                        
	                        
	                        <tmmanualinstructioncapture___manualrepairinboxresults
	                            name="Task Results"
	                            description="Manual Repair search results"
	                            alias="710AD61B-B281-C821-1AD9-466333E236AF.task.app.inbox.result"><relation
	                            />
								
	                            <wiring name="queryString" portlet="710AD61B-B281-C821-1AD9-466333E236AF.task.app.inbox.bar" property="lastSearchState"/>
	                            
	                        </tmmanualinstructioncapture___manualrepairinboxresults>
	                        
	                    </column>
	                </row>
	                <hobos/>
	            </page>
	        </Mode>
        </folder>
    </CONTEXT>
</CONFIG>
