
<!-- Task definition file -->
<CONFIG taskId="710AD61B-B281-C821-1AD9-466333E236AF" displayName="Manual Repair" clientBeanName="ManualRepair" ruleContextBeanName="ManualRepairRuleContext" ruleSets="Manual Repair Checker,Manual Repair Maker">


    <!-- Setup rules storage -->
    <CONTEXT alias="task.rules.storage">
        <folder name="Manual Repair Rules" alias="710AD61B-B281-C821-1AD9-466333E236AF.rules.storage">
            <folder name="Assignment" alias="710AD61B-B281-C821-1AD9-466333E236AF.routing.rules.storage"/>
            <folder name="Filters" alias="710AD61B-B281-C821-1AD9-466333E236AF.filter.rules.storage"/>
            <folder name="Change Rules" alias="710AD61B-B281-C821-1AD9-466333E236AF.change.rules.storage"/>
            <folder name="Schedule" alias="710AD61B-B281-C821-1AD9-466333E236AF.schedule.rules.storage"/>
            <folder name="Delegation" alias="710AD61B-B281-C821-1AD9-466333E236AF.delegation.rules.storage"/>
            <folder name="Rule Editing Context Storage" alias="710AD61B-B281-C821-1AD9-466333E236AF.context.storage"/>
        </folder>
    </CONTEXT>
    
    <!-- saved search storage -->
    <CONTEXT alias="folder.search.saved">
    	<folder name="Manual Repair Saved Searches" alias="710AD61B-B281-C821-1AD9-466333E236AF.saved.search.storage">
    		<folder name="Global Searches" alias="710AD61B-B281-C821-1AD9-466333E236AF.saved.search.global.storage"/>
    	</folder>
    </CONTEXT>

	<!-- subscription storage -->
	<CONTEXT alias="task.subscriptions.storage">
		<Mode type="sync">
	        <folder name="Manual Repair Subscriptions" alias="710AD61B-B281-C821-1AD9-466333E236AF.subscriptions.storage">
			</folder>
		</Mode>    
    </CONTEXT>

    <!-- setup test task application -->
    <CONTEXT alias="task.definition.storage">
        <wm_xt_task_definition 
        	name="710AD61B-B281-C821-1AD9-466333E236AF"
        	description="Manual Repair" 
        	alias="710AD61B-B281-C821-1AD9-466333E236AF,710AD61B-B281-C821-1AD9-466333E236AF.definition" 
        	audit_options="65535" 
        	task_data_impl_class="com.webmethods.caf.taskclient.ManualRepair$TaskData"
            isEnabled="true" 
            distr_rules_folder_uri="710AD61B-B281-C821-1AD9-466333E236AF.routing.rules.storage" 
            distr_filter_folder_uri="710AD61B-B281-C821-1AD9-466333E236AF.filter.rules.storage" 
            trigger_rules_folder_uri="710AD61B-B281-C821-1AD9-466333E236AF.change.rules.storage" 
            schedule_rules_folder_uri="710AD61B-B281-C821-1AD9-466333E236AF.schedule.rules.storage"
            delegation_rules_folder_uri="710AD61B-B281-C821-1AD9-466333E236AF.delegation.rules.storage" 
            task_client_name="ManualRepair"
            subscriptions_folder="710AD61B-B281-C821-1AD9-466333E236AF.subscriptions.storage"
			task_app_name="tmmanualinstructioncapture"
			comment_storage_type=""
			attach_storage_type=""
			task_type_id="710AD61B-B281-C821-1AD9-466333E236AF"
         view_task_portlet_uri="/portlet/tmmanualinstructioncapture___manualrepairoverview" parent_task_type_id=""/>
    </CONTEXT>

    <!-- Setup Rule editing contexts -->
    <CONTEXT alias="folder.rule.contexts">
        <wm_task_rule_editing_context 
        	name="Manual Repair Assignment" 
        	alias="710AD61B-B281-C821-1AD9-466333E236AF.distrib.rule.editing.context" 
        	ruleType="distribution"
            taskDefinitionURI="710AD61B-B281-C821-1AD9-466333E236AF.definition" 
            rulesStorageFolder="710AD61B-B281-C821-1AD9-466333E236AF.routing.rules.storage"/>
            
        <wm_task_rule_editing_context 
        	name="Manual Repair Filters" 
        	alias="710AD61B-B281-C821-1AD9-466333E236AF.distrib.filter.rule.editing.context" 
        	ruleType="distribution.filter"
            taskDefinitionURI="710AD61B-B281-C821-1AD9-466333E236AF.definition" 
            rulesStorageFolder="710AD61B-B281-C821-1AD9-466333E236AF.filter.rules.storage"/>

        <wm_task_rule_editing_context 
        	name="Manual Repair Change Rules" 
        	alias="710AD61B-B281-C821-1AD9-466333E236AF.trigger.rule.editing.context" 
        	ruleType="trigger"
            taskDefinitionURI="710AD61B-B281-C821-1AD9-466333E236AF.definition" 
            rulesStorageFolder="710AD61B-B281-C821-1AD9-466333E236AF.change.rules.storage"/>
        
        <wm_task_rule_editing_context 
        	name="Manual Repair Schedule" 
        	alias="710AD61B-B281-C821-1AD9-466333E236AF.schedule.rule.editing.context" 
        	ruleType="schedule"
            taskDefinitionURI="710AD61B-B281-C821-1AD9-466333E236AF.definition" 
            rulesStorageFolder="710AD61B-B281-C821-1AD9-466333E236AF.schedule.rules.storage"/>

        <wm_task_rule_editing_context 
        	name="Manual Repair Delegation" 
        	alias="710AD61B-B281-C821-1AD9-466333E236AF.delegation.rule.editing.context" 
        	ruleType="delegation"
            taskDefinitionURI="710AD61B-B281-C821-1AD9-466333E236AF.definition" 
            rulesStorageFolder="710AD61B-B281-C821-1AD9-466333E236AF.delegation.rules.storage"/>

    </CONTEXT>

    <!-- include task rules file -->
	<include include="/WEB-INF/tasks/710AD61B-B281-C821-1AD9-466333E236AF/taskRules.xml"/>

	<!-- Publish Task pages -->
	<CONTEXT alias="webm.apps.workflow">
		<folder name="Manual Repair" description="" alias="710AD61B-B281-C821-1AD9-466333E236AF.task.app" isTaskFolder="true"/>
    </CONTEXT>

	<CONTEXT alias="710AD61B-B281-C821-1AD9-466333E236AF.task.app">
	    <!-- Setup Rule Admins -->
        <folder name="Manage Assignments" alias="710AD61B-B281-C821-1AD9-466333E236AF.distribution.rules.admin.page">
          <page>
            <row>
              <column>
          	    <wm_ruleadmin name="Manage Assignments"
	  		  	    alias="710AD61B-B281-C821-1AD9-466333E236AF.distribution.rules.admin"
              		ruleFolderURI="710AD61B-B281-C821-1AD9-466333E236AF.routing.rules.storage"
                    ruleTextResourceBundle="com.webmethods.portal.portlet.wm_ruleadmin.resources.RuleadminResources"
                    viewRulesTextKey="text.taskrule.viewrules"
                    evalOrderTextKey="text.taskrule.evalorder"
                    addRuleTextKey="text.taskrule.addrule"
                    modifyRuleTextKey="text.taskrule.modifyrule"
                    cloneRuleTextKey="text.taskrule.clonerule"
                    ruleEditingContextURI="710AD61B-B281-C821-1AD9-466333E236AF.distrib.rule.editing.context">
                </wm_ruleadmin>
            	<wm_task_search___returnurlbutton name="Return" alias="710AD61B-B281-C821-1AD9-466333E236AF.distribution.rules.return">
                  <layout name="titlebar" value="false"/> 
                  <layout name="border" value="false"/>            			
            	</wm_task_search___returnurlbutton>
              </column>
            </row>
            <hobos/>
          </page>
        </folder>
        <folder name="Manage Filters" alias="710AD61B-B281-C821-1AD9-466333E236AF.distribution.filter.rules.admin.page">
          <page>
            <row>
              <column>
          		<wm_ruleadmin name="Manage Filters"
					alias="710AD61B-B281-C821-1AD9-466333E236AF.distribution.filter.rules.admin"
		            ruleFolderURI="710AD61B-B281-C821-1AD9-466333E236AF.filter.rules.storage"
        		    ruleTextResourceBundle="com.webmethods.portal.portlet.wm_ruleadmin.resources.RuleadminResources"
		            viewRulesTextKey="text.taskrule.viewrules"
		            evalOrderTextKey="text.taskrule.evalorder"
		            addRuleTextKey="text.taskrule.addrule"
		            modifyRuleTextKey="text.taskrule.modifyrule"
		            cloneRuleTextKey="text.taskrule.clonerule"
		            ruleEditingContextURI="710AD61B-B281-C821-1AD9-466333E236AF.distrib.filter.rule.editing.context">
        		</wm_ruleadmin>        
            	<wm_task_search___returnurlbutton name="Return" alias="710AD61B-B281-C821-1AD9-466333E236AF.distribution.filter.rules.return">
                  <layout name="titlebar" value="false"/> 
                  <layout name="border" value="false"/>            			
            	</wm_task_search___returnurlbutton>
              </column>
            </row>
            <hobos/>
          </page>
        </folder>
        <folder name="Manage Change Rules" alias="710AD61B-B281-C821-1AD9-466333E236AF.trigger.rules.admin.page">
          <page>
            <row>
              <column>
		        <wm_ruleadmin name="Manage Change Rules"
					alias="710AD61B-B281-C821-1AD9-466333E236AF.trigger.rules.admin"
		            ruleFolderURI="710AD61B-B281-C821-1AD9-466333E236AF.change.rules.storage"
		            ruleTextResourceBundle="com.webmethods.portal.portlet.wm_ruleadmin.resources.RuleadminResources"
		            viewRulesTextKey="text.taskrule.viewrules"
		            evalOrderTextKey="text.taskrule.evalorder"
		            addRuleTextKey="text.taskrule.addrule"
		            modifyRuleTextKey="text.taskrule.modifyrule"
		            cloneRuleTextKey="text.taskrule.clonerule"
		            ruleEditingContextURI="710AD61B-B281-C821-1AD9-466333E236AF.trigger.rule.editing.context">
		        </wm_ruleadmin>
            	<wm_task_search___returnurlbutton name="Return" alias="710AD61B-B281-C821-1AD9-466333E236AF.trigger.rules.return">
                  <layout name="titlebar" value="false"/> 
                  <layout name="border" value="false"/>            			
            	</wm_task_search___returnurlbutton>
              </column>
            </row>
            <hobos/>
          </page>
        </folder>
        <folder name="Manage Schedules" alias="710AD61B-B281-C821-1AD9-466333E236AF.schedule.rules.admin.page">
          <page>
            <row>
              <column>
		        <wm_ruleadmin name="Manage Schedules"
					alias="710AD61B-B281-C821-1AD9-466333E236AF.schedule.rules.admin"
		            ruleFolderURI="710AD61B-B281-C821-1AD9-466333E236AF.schedule.rules.storage"
		            ruleTextResourceBundle="com.webmethods.portal.portlet.wm_ruleadmin.resources.RuleadminResources"
		            viewRulesTextKey="text.taskrule.viewrules"
		            evalOrderTextKey="text.taskrule.evalorder"
		            addRuleTextKey="text.taskrule.addrule"
		            modifyRuleTextKey="text.taskrule.modifyrule"
		            cloneRuleTextKey="text.taskrule.clonerule"
		            ruleEditingContextURI="710AD61B-B281-C821-1AD9-466333E236AF.schedule.rule.editing.context">
		        </wm_ruleadmin>
            	<wm_task_search___returnurlbutton name="Return" alias="710AD61B-B281-C821-1AD9-466333E236AF.schedule.rules.return">
                  <layout name="titlebar" value="false"/> 
                  <layout name="border" value="false"/>            			
            	</wm_task_search___returnurlbutton>
              </column>
            </row>
            <hobos/>
          </page>
        </folder>
        <wm_ruleadmin name="Manage Delegations" 
			alias="710AD61B-B281-C821-1AD9-466333E236AF.delegation.rules.admin"
            ruleFolderURI="710AD61B-B281-C821-1AD9-466333E236AF.delegation.rules.storage"
            ruleTextResourceBundle="com.webmethods.portal.portlet.wm_ruleadmin.resources.RuleadminResources"
            viewRulesTextKey="text.taskrule.viewrules"
            evalOrderTextKey="text.taskrule.evalorder"
            addRuleTextKey="text.taskrule.addrule"
            modifyRuleTextKey="text.taskrule.modifyrule"
            cloneRuleTextKey="text.taskrule.clonerule"
            ruleEditingContextURI="710AD61B-B281-C821-1AD9-466333E236AF.delegation.rule.editing.context">
        </wm_ruleadmin>
    </CONTEXT>

	<!-- Start Task -->
	<include include="/WEB-INF/tasks/710AD61B-B281-C821-1AD9-466333E236AF/taskStart.xml"/>
	
	<!-- Custom Task Details -->
	<include include="/WEB-INF/tasks/710AD61B-B281-C821-1AD9-466333E236AF/taskDetails.xml"/>
	
	<!-- Custom Inbox Page -->
	<include include="/WEB-INF/tasks/710AD61B-B281-C821-1AD9-466333E236AF/taskInbox.xml"/>
	
</CONFIG>
