<?xml version="1.0" encoding="UTF-8" standalone="yes"?>
<portlet-app version="1.0" xmlns="http://java.sun.com/xml/ns/portlet/portlet-app_1_0.xsd" xmlns:xsi="http://www.w3.org/2001/XMLSchema-instance" xsi:schemaLocation="http://java.sun.com/xml/ns/portlet/portlet-app_1_0.xsd http://java.sun.com/xml/ns/portlet/portlet-app_1_0.xsd ">
	<portlet>
		<portlet-name>ManualRepairView</portlet-name>
		<portlet-class>com.webmethods.caf.faces.portlet.FacesPortlet</portlet-class>
		<init-param>
			<name>com.webmethods.caf.faces.portlet.INIT_VIEW</name>
			<value>/ManualRepairView/default.view</value>
		</init-param>
		<supports>
			<mime-type>text/html</mime-type>
			<portlet-mode>view</portlet-mode>
		</supports>
		<supported-locale>en</supported-locale>
		<resource-bundle>com.webmethods.caf.manualrepairview.ManualRepairViewResources</resource-bundle>
		<portlet-info>
			<title>Manual Repair View</title>
			<short-title>ManualRepairView</short-title>
			<keywords>task,710AD61B-B281-C821-1AD9-466333E236AF,view</keywords>
		</portlet-info>
		<portlet-preferences>
			<preference>
				<name>taskID</name>
				<read-only>false</read-only>
			</preference>
			<preference>
				<name>cancelUrl</name>
				<read-only>false</read-only>
			</preference>
			<preference>
				<name>finishUrl</name>
				<read-only>false</read-only>
			</preference>
		</portlet-preferences>
	</portlet>
	<portlet>
		<portlet-name>ManualRepairOverview</portlet-name>
		<portlet-class>com.webmethods.caf.faces.portlet.FacesPortlet</portlet-class>
		<init-param>
			<name>com.webmethods.caf.faces.portlet.INIT_VIEW</name>
			<value>/ManualRepairOverview/default.view</value>
		</init-param>
		<supports>
			<mime-type>text/html</mime-type>
			<portlet-mode>view</portlet-mode>
		</supports>
		<supported-locale>en</supported-locale>
		<resource-bundle>com.webmethods.caf.manualrepairoverview.ManualRepairOverviewResources</resource-bundle>
		<portlet-info>
			<title>Manual Repair Overview</title>
			<short-title>ManualRepairOverview</short-title>
			<keywords>task,710AD61B-B281-C821-1AD9-466333E236AF,overview</keywords>
		</portlet-info>
		<portlet-preferences>
			<preference>
				<name>taskID</name>
				<read-only>false</read-only>
			</preference>
			<preference>
				<name>cancelUrl</name>
				<read-only>false</read-only>
			</preference>
			<preference>
				<name>finishUrl</name>
				<read-only>false</read-only>
			</preference>
			<preference>
				<name>currentTab</name>
				<value>TaskData</value>
				<read-only>false</read-only>
			</preference>
		</portlet-preferences>
	</portlet>
	<portlet>
		<portlet-name>ManualRepairInboxBar</portlet-name>
		<portlet-class>com.webmethods.caf.faces.portlet.FacesPortlet</portlet-class>
		<init-param>
			<name>com.webmethods.caf.faces.portlet.INIT_VIEW</name>
			<value>/ManualRepairInboxBar/default.view</value>
		</init-param>
		<init-param>
			<name>titlebar_layout</name>
			<value>tabs</value>
		</init-param>
		<init-param>
			<name>titlebar_show_add_to_home</name>
			<value>false</value>
		</init-param>
		<supports>
			<mime-type>text/html</mime-type>
			<portlet-mode>view</portlet-mode>
		</supports>
		<supported-locale>en</supported-locale>
		<resource-bundle>com.webmethods.caf.manualrepairinboxbar.ManualRepairInboxBarResources</resource-bundle>
		<portlet-info>
			<title>Manual Repair Inbox Bar</title>
			<short-title>ManualRepairInboxBar</short-title>
			<keywords>task,710AD61B-B281-C821-1AD9-466333E236AF,inbox,bar</keywords>
		</portlet-info>
		<portlet-preferences>
			<preference>
				<name>initialSearchTab</name>
				<read-only>false</read-only>
			</preference>
			<preference>
				<name>initialSelectedSavedSearch</name>
				<read-only>false</read-only>
			</preference>
			<preference>
				<name>runSearchOnDisplay</name>
				<value>true</value>
				<read-only>false</read-only>
			</preference>
			<preference>
				<name>noMaxResults</name>
				<value>false</value>
				<read-only>false</read-only>
			</preference>
			<preference>
				<name>maxResults</name>
				<value>200</value>
				<read-only>false</read-only>
			</preference>
			<preference>
				<name>lastSearchState</name>
				<read-only>false</read-only>
			</preference>
			<preference>
				<name>savedSearchMap</name>
				<read-only>false</read-only>
			</preference>
		</portlet-preferences>
	</portlet>
	<portlet>
		<portlet-name>ManualRepairInboxResults</portlet-name>
		<portlet-class>com.webmethods.caf.faces.portlet.FacesPortlet</portlet-class>
		<init-param>
			<name>com.webmethods.caf.faces.portlet.INIT_VIEW</name>
			<value>/ManualRepairInboxResults/default.view</value>
		</init-param>
		<init-param>
			<name>com.webmethods.caf.faces.portlet.INIT_EDIT</name>
			<value>/ManualRepairInboxResults/edit.view</value>
		</init-param>
		<supports>
			<mime-type>text/html</mime-type>
			<portlet-mode>view</portlet-mode>
			<portlet-mode>edit</portlet-mode>
		</supports>
		<supported-locale>en</supported-locale>
		<resource-bundle>com.webmethods.caf.manualrepairinboxresults.ManualRepairInboxResultsResources</resource-bundle>
		<portlet-info>
			<title>Manual Repair Inbox Results</title>
			<short-title>ManualRepairInboxResults</short-title>
			<keywords>task,710AD61B-B281-C821-1AD9-466333E236AF,inbox,results</keywords>
		</portlet-info>
		<portlet-preferences>
			<preference>
				<name>queryString</name>
				<read-only>false</read-only>
			</preference>
			<preference>
				<name>initialPageSize</name>
				<value>20</value>
				<read-only>false</read-only>
			</preference>
			<preference>
				<name>initialSortBy</name>
				<value>taskIdColumn</value>
				<read-only>false</read-only>
			</preference>
			<preference>
				<name>initialSortAscending</name>
				<value>true</value>
				<read-only>false</read-only>
			</preference>
			<preference>
				<name>columnDisplay</name>
				<read-only>false</read-only>
			</preference>
			<preference>
				<name>columnWidths</name>
				<read-only>false</read-only>
			</preference>
			<preference>
				<name>taskDetailsPage</name>
				<read-only>false</read-only>
			</preference>
			<preference>
				<name>taskDetailsPortlet</name>
				<read-only>false</read-only>
			</preference>
			<preference>
				<name>currentTaskID</name>
				<read-only>false</read-only>
			</preference>
		</portlet-preferences>
	</portlet>
	<user-attribute>
		<name>user.default.time_zone</name>
	</user-attribute>
	<user-attribute>
		<name>user.default.time.format</name>
	</user-attribute>
	<user-attribute>
		<name>user.default.date.format</name>
	</user-attribute>
	<user-attribute>
		<name>user.default.number.format</name>
	</user-attribute>
</portlet-app>